variant,m,seconds,gflops,cycles,instructions,ipc,llc_misses_per_kinst,branch_miss_rate,min_mux_pct
morton_avx512,1024,0.028272,151.913758,142071915.000000,421582518.000000,2.967388,1.281614,0.003830,100.000000
morton_avx512,2048,0.228593,150.309709,1090186590.000000,3188711152.000000,2.924922,1.241449,0.003761,100.000000
morton_avx512,4096,2.368963,116.033025,10891929809.000000,24800874835.000000,2.276995,1.153724,0.004064,100.000000
morton_avx512,8192,19.052244,115.420698,86686434590.000000,195621497476.000000,2.256656,1.188284,0.004082,100.000000
morton_avx512,16384,153.013158,114.971720,692178856890.000000,1553925265369.000000,2.244976,1.144291,0.004119,100.000000
tiled_ikj_avx512,1024,0.015782,272.147583,80472719.000000,305459775.000000,3.795818,0.854951,0.004001,100.000000
tiled_ikj_avx512,2048,0.123274,278.725774,590965030.000000,2292811872.000000,3.879776,0.786466,0.004035,100.000000
tiled_ikj_avx512,4096,1.052397,261.192326,4856964571.000000,17842303769.000000,3.673550,0.872320,0.004103,100.000000
tiled_ikj_avx512,8192,8.514432,258.270113,38757912661.000000,140495005788.000000,3.624937,1.422991,0.004138,100.000000
tiled_ikj_avx512,16384,81.787991,215.094977,368965989830.000000,1116255361488.000000,3.025361,2.912831,0.004187,100.000000
naive,512,0.158011,3.397688,810354067.000000,2123549165.000000,2.620520,0.039406,0.002219,100.000000
naive,1024,1.394433,3.080082,6672727855.000000,16006764782.000000,2.398834,0.022903,0.001106,100.000000
naive,2048,11.788699,2.914634,54963149168.000000,124149943583.000000,2.258785,1.132577,0.000495,100.000000
naive,4096,128.325142,2.142042,588985678371.000000,977623403382.000000,1.659842,22.610450,0.000252,100.000000
morton,512,0.690739,0.777242,3513794519.000000,18301472649.000000,5.208464,0.002740,0.000186,100.000000
morton,1024,5.521012,0.777931,26526265068.000000,138237911340.000000,5.211360,0.002740,0.000169,100.000000
morton,2048,44.206732,0.777251,206036100333.000000,1073222468123.000000,5.208905,0.002552,0.000168,100.000000
morton,4096,353.563785,0.777449,1623556703094.000000,8455081603131.000000,5.207753,0.002643,0.000167,100.000000
loop_ikj,512,0.010593,50.681520,55287218.000000,282822025.000000,5.115505,0.081772,0.000194,100.000000
loop_ikj,1024,0.084075,51.084904,407810927.000000,2118665664.000000,5.195216,0.055460,0.000066,100.000000
loop_ikj,2048,0.706967,48.601630,3307689345.000000,16389147852.000000,4.954863,2.796738,0.000062,100.000000
loop_ikj,4096,5.702865,48.199968,26184162412.000000,128899233586.000000,4.922794,3.250697,0.000065,100.000000
loop_jik,512,0.209713,2.560029,1058478066.000000,2126464570.000000,2.008983,0.684719,0.002140,100.000000
loop_jik,1024,1.458596,2.944591,7011392367.000000,16017754693.000000,2.284533,2.459512,0.001062,100.000000
loop_jik,2048,12.880846,2.667506,60088699451.000000,124192565627.000000,2.066821,3.332064,0.000511,100.000000
loop_jik,4096,142.007165,1.935662,650630370643.000000,977791224844.000000,1.502837,15.312716,0.000259,100.000000
loop_jki,512,0.444077,1.208958,2255587287.000000,2426159509.000000,1.075622,0.325671,0.002070,100.000000
loop_jki,1024,6.939160,0.618946,33294687384.000000,18290787971.000000,0.549361,11.988393,0.001010,100.000000
loop_jki,2048,79.318297,0.433188,369578894515.000000,141875670452.000000,0.383885,71.464679,0.000499,100.000000
loop_jki,4096,744.547377,0.369188,3414010422448.000000,1117245283655.000000,0.327253,122.804828,0.000266,100.000000
loop_kij,512,0.009931,54.062300,51860785.000000,287531621.000000,5.544298,0.284031,0.000211,100.000000
loop_kij,1024,0.089014,48.250560,431025922.000000,2154282586.000000,4.998035,1.737697,0.000220,100.000000
loop_kij,2048,0.799472,42.978045,3742626920.000000,16665836811.000000,4.452978,5.203151,0.000208,100.000000
loop_kij,4096,7.344143,37.428181,33727578613.000000,131079739895.000000,3.886426,6.374862,0.000121,100.000000
loop_kji,512,0.358311,1.498339,1824220130.000000,2425596241.000000,1.329662,0.318003,0.002191,100.000000
loop_kji,1024,7.201452,0.596403,34503516055.000000,18288679616.000000,0.530053,12.037160,0.001074,100.000000
loop_kji,2048,96.391601,0.356460,451022156631.000000,141867528774.000000,0.314547,56.091426,0.000510,100.000000
loop_kji,4096,923.359593,0.297693,4235442424296.000000,1117213324055.000000,0.263777,92.137588,0.000272,100.000000
morton_omp,1024,0.006671,643.855948,267543331.000000,434822992.000000,1.625243,2.326436,0.004213,100.000000
morton_omp,2048,0.043965,781.525790,1690272530.000000,3267830991.000000,1.933316,1.649865,0.003686,100.000000
morton_omp,4096,0.422850,650.059513,15035791596.000000,25390281801.000000,1.688656,1.314894,0.003570,100.000000
morton_omp,8192,3.464361,634.755787,110353781633.000000,199236462758.000000,1.805434,1.188856,0.003598,100.000000
morton_omp,16384,27.660848,635.995903,809343493353.000000,1575097838764.000000,1.946143,1.204166,0.003641,100.000000
morton_omp,32768,234.121130,601.131082,6038186360779.000000,12489298047008.000000,2.068386,1.390204,0.003751,100.000000
tiled_ikj_omp,1024,0.005262,816.151853,209140186.000000,318923520.000000,1.524927,2.189431,0.003431,100.000000
tiled_ikj_omp,2048,0.021246,1617.208470,804552531.000000,2310239004.000000,2.871458,1.370015,0.003958,100.000000
tiled_ikj_omp,4096,0.179510,1531.264949,6478311046.000000,17956602201.000000,2.771803,3.478070,0.003913,100.000000
tiled_ikj_omp,8192,1.465964,1500.052296,51641554428.000000,141220855315.000000,2.734636,4.054349,0.003988,100.000000
tiled_ikj_omp,16384,14.409741,1220.853691,498691447329.000000,1122451293161.000000,2.250793,8.004881,0.003968,100.000000
tiled_ikj_omp,32768,119.826932,1174.506319,4151899956368.000000,8914541620723.000000,2.147099,9.910782,0.004069,100.000000
tiled_ikj,512,0.010458,51.334341,54650434.000000,285246871.000000,5.219480,0.129639,0.000291,100.000000
tiled_ikj,1024,0.082931,51.789533,402801628.000000,2137036853.000000,5.305433,0.070568,0.000163,100.000000
tiled_ikj,2048,0.661927,51.908653,3099227655.000000,16533144507.000000,5.334602,0.059407,0.000151,100.000000
tiled_ikj,4096,5.306514,51.800089,24385612124.000000,130034484629.000000,5.332427,0.102223,0.000136,100.000000
tiled_ikj,8192,42.851018,51.317876,195012715347.000000,1031420638414.000000,5.288992,0.056790,0.000160,100.000000
