variant,m,median_seconds,gflops,cycles,instructions,ipc,fp_ops,fp_ops_per_cycle,l1d_miss_rate,l2_load_hit_rate,l3_miss_rate,tlb_walk_per_kinst,dtlb_load_miss_per_kinst,min_mux_pct
naive,512,0.032888,2.040516,276102782.000000,379525062.000000,1.374579,202637327.000000,0.733920,0.666333,0.931841,0.065094,0.018352,0.024354,100.000000
naive,1024,0.157741,1.701744,1297794155.000000,1506179180.000000,1.160569,810024975.000000,0.624155,0.668816,0.729057,0.259401,0.011493,0.012741,100.000000
naive,2048,0.621945,1.726426,5103631695.000000,6003254123.000000,1.176271,3239051279.000000,0.634656,0.667446,0.023395,0.973652,0.009219,0.038869,100.000000
naive,4096,2.504301,1.715037,20549122845.000000,23974858088.000000,1.166710,12954107919.000000,0.630397,0.668118,0.039759,0.952372,0.008133,0.064674,100.000000
morton,512,0.129877,0.516712,1055933692.000000,4213224572.000000,3.990047,137494543.000000,0.130211,0.006330,0.658801,0.157516,0.002169,0.002633,100.000000
morton,1024,0.515906,0.520319,4216938976.000000,16854283355.000000,3.996805,549715983.000000,0.130359,0.003845,0.971693,0.182560,0.001414,0.001903,100.000000
morton,2048,2.036426,0.527268,16897185850.000000,67423055428.000000,3.990194,2198339599.000000,0.130101,0.004990,0.659712,0.142245,0.001221,0.001611,100.000000
morton,4096,8.281276,0.518636,67889731784.000000,269708466099.000000,3.972743,8792309775.000000,0.129509,0.005945,0.501232,0.120960,0.001074,0.001770,100.000000
morton_avx2,512,0.001257,53.402562,21698385.000000,33944412.000000,1.564375,135528463.000000,6.246016,0.098186,0.736953,0.076774,0.074740,0.217149,100.000000
morton_avx2,1024,0.005187,51.750674,74198385.000000,127567890.000000,1.719281,541589519.000000,7.299209,0.091179,0.813088,0.054877,0.028455,0.146824,100.000000
morton_avx2,2048,0.021397,50.181124,269145163.000000,496181238.000000,1.843545,2165309455.000000,8.045136,0.091848,0.813381,0.042166,0.012268,0.125069,100.000000
morton_avx2,4096,0.074239,57.853326,1004435014.000000,1960199202.000000,1.951544,8659140623.000000,8.620907,0.087288,0.848688,0.045090,0.007058,0.126036,100.000000
morton_avx2,8192,0.290682,59.101838,4213172127.000000,7795451768.000000,1.850257,34632368143.000000,8.220022,0.092558,0.801760,0.044723,0.005747,0.177984,100.000000
morton_avx2,16384,1.192756,57.614016,17911553958.000000,31093697191.000000,1.735958,138521083919.000000,7.733616,0.091654,0.809433,0.057406,0.012017,0.200653,100.000000
morton_omp,512,0.000505,132.858322,74001256.000000,38097650.000000,0.514824,135528463.000000,1.831435,0.082028,0.185723,0.181182,0.252929,0.398214,100.000000
morton_omp,1024,0.002179,123.212227,182865529.000000,134497495.000000,0.735499,541589519.000000,2.961682,0.079135,0.206103,0.086043,0.071050,0.201996,100.000000
morton_omp,2048,0.007213,148.862195,519644902.000000,510739426.000000,0.982862,2165309455.000000,4.166902,0.090434,0.193526,0.053869,0.025604,0.144410,100.000000
morton_omp,4096,0.024782,173.310011,1589210721.000000,1992771070.000000,1.253938,8659140623.000000,5.448705,0.089313,0.180884,0.051874,0.011744,0.133633,100.000000
morton_omp,8192,0.081929,209.692590,5545586195.000000,7866583471.000000,1.418531,34632368143.000000,6.245033,0.093025,0.263777,0.049742,0.007635,0.174748,100.000000
morton_omp,16384,0.449530,152.869550,23391578149.000000,31310763470.000000,1.338549,138521083919.000000,5.921836,0.100658,0.450716,0.078617,0.071557,0.319475,100.000000
loop_ijk,512,0.033574,1.998845,278219618.000000,379943033.000000,1.365623,202637327.000000,0.728336,0.667433,0.989217,0.005758,0.016821,0.021208,100.000000
loop_ijk,1024,0.155939,1.721414,1292494155.000000,1506914021.000000,1.165896,810024975.000000,0.626715,0.667536,0.625875,0.372125,0.011715,0.012210,100.000000
loop_ijk,2048,0.627552,1.710999,5105383686.000000,6005169116.000000,1.176242,3239051279.000000,0.634438,0.664630,0.020089,0.971719,0.009085,0.013218,100.000000
loop_ijk,4096,2.526531,1.699947,22485724707.000000,23979062180.000000,1.066413,12954107919.000000,0.576104,0.663781,0.021799,0.974459,0.006582,0.110780,100.000000
loop_ikj,512,0.002711,24.751810,26706575.000000,72433971.000000,2.712215,135528463.000000,5.074723,0.221824,0.932542,0.025586,0.035191,0.077381,100.000000
loop_ikj,1024,0.010891,24.647867,95004127.000000,281329967.000000,2.961239,541589519.000000,5.700695,0.218186,0.916763,0.044879,0.011925,0.045722,100.000000
loop_ikj,2048,0.042766,25.107403,368763411.000000,1112032113.000000,3.015571,2165309455.000000,5.871812,0.217283,0.889913,0.025136,0.004978,0.037378,100.000000
loop_ikj,4096,0.166180,25.845312,1421895413.000000,4423688827.000000,3.111121,8659140623.000000,6.089858,0.217800,0.904650,0.024482,0.002571,0.031917,100.000000
loop_jik,512,0.034841,1.926173,291444755.000000,380303098.000000,1.304889,202637327.000000,0.695286,0.699697,0.986089,0.010584,0.010870,0.020857,100.000000
loop_jik,1024,0.171405,1.566093,1393381218.000000,1507332743.000000,1.081781,810024975.000000,0.581338,0.699207,0.540764,0.452684,0.005727,0.058530,100.000000
loop_jik,2048,0.707996,1.516594,5744456376.000000,6006121461.000000,1.045551,3239051279.000000,0.563857,0.702113,0.068441,0.921609,0.005860,0.234991,100.000000
loop_jik,4096,2.747333,1.563322,22806531658.000000,23980436328.000000,1.051472,12954107919.000000,0.568000,0.703766,0.064693,0.922237,0.004259,0.278237,100.000000
loop_jki,512,0.081287,0.825575,666903567.000000,547060200.000000,0.820299,135528463.000000,0.203220,1.006781,0.336415,0.499668,0.011165,0.038612,100.000000
loop_jki,1024,0.898160,0.298873,7263617441.000000,2178612198.000000,0.299935,541589519.000000,0.074562,0.968473,0.282010,0.664448,0.014717,1.389425,100.000000
loop_jki,2048,4.964872,0.216268,39990831577.000000,8700038568.000000,0.217551,2165309455.000000,0.054145,1.246208,0.018966,0.774379,0.018257,123.111853,100.000000
loop_jki,4096,24.627493,0.174397,201381096967.000000,34782020154.000000,0.172717,8659140623.000000,0.042999,0.687888,0.061532,0.610707,0.021177,137.274308,100.000000
loop_kij,512,0.002624,25.576769,29256701.000000,72966135.000000,2.493997,135528463.000000,4.632390,0.226682,0.834058,0.111661,0.041677,0.116588,100.000000
loop_kij,1024,0.024991,10.741426,225327422.000000,283557866.000000,1.258426,541589519.000000,2.403567,0.223943,0.824422,0.141050,0.014473,0.176222,100.000000
loop_kij,2048,0.144080,7.452375,1253176979.000000,1120621877.000000,0.894225,2165309455.000000,1.727856,0.236613,0.773110,0.160096,0.007675,7.508352,100.000000
loop_kij,4096,0.981604,4.375457,8208313971.000000,4460110248.000000,0.543365,8659140623.000000,1.054923,0.246082,0.759471,0.143606,0.009517,7.726080,100.000000
loop_kji,512,0.077638,0.864385,644972603.000000,546793672.000000,0.847778,135528463.000000,0.210131,1.000897,0.365471,0.489298,0.009289,0.622502,100.000000
loop_kji,1024,0.922520,0.290981,7452599560.000000,2178442129.000000,0.292306,541589519.000000,0.072671,0.960981,0.351821,0.590852,0.014595,0.619161,100.000000
loop_kji,2048,4.185317,0.256550,34158267974.000000,8697512609.000000,0.254624,2165309455.000000,0.063390,1.267067,0.043934,0.755351,0.016968,57.335162,100.000000
loop_kji,4096,28.235235,0.152114,229663927116.000000,34809413585.000000,0.151567,8659140623.000000,0.037704,0.552575,0.085841,0.569910,0.023424,136.512497,100.000000
tiled_ikj,512,0.002602,25.787486,27214470.000000,72415773.000000,2.660929,135528463.000000,4.980015,0.220752,0.938931,0.020316,0.034164,0.082247,100.000000
tiled_ikj,1024,0.010404,25.800149,92963744.000000,281448499.000000,3.027508,541589519.000000,5.825814,0.219040,0.960640,0.011400,0.011910,0.046126,100.000000
tiled_ikj,2048,0.038419,27.948201,342523610.000000,1112191018.000000,3.247049,2165309455.000000,6.321636,0.218553,0.975935,0.006448,0.004535,0.039475,100.000000
tiled_ikj,4096,0.155045,27.701493,1341120913.000000,4425550582.000000,3.299889,8659140623.000000,6.456644,0.218404,0.978630,0.004972,0.002594,0.037016,100.000000
tiled_ikj_avx2,512,0.000802,83.689097,14615848.000000,27575061.000000,1.886655,135528463.000000,9.272706,0.205380,0.757248,0.096517,0.088558,0.196446,100.000000
tiled_ikj_avx2,1024,0.003309,81.122686,49706663.000000,102008347.000000,2.052207,541589519.000000,10.895713,0.194518,0.799902,0.104733,0.031595,0.144018,100.000000
tiled_ikj_avx2,2048,0.012460,86.172402,163200571.000000,392520597.000000,2.405142,2165309455.000000,13.267781,0.192270,0.836720,0.088800,0.010534,0.194698,100.000000
tiled_ikj_avx2,4096,0.046570,92.226647,611352347.000000,1545635025.000000,2.528223,8659140623.000000,14.163912,0.190209,0.857507,0.084089,0.016624,0.196657,100.000000
tiled_ikj_avx2,8192,0.202014,85.042854,2532359300.000000,6129169245.000000,2.420340,34632368143.000000,13.675930,0.191071,0.839451,0.082660,0.003875,0.287358,100.000000
tiled_ikj_avx2,16384,0.841529,81.660226,10505424367.000000,24426008062.000000,2.325085,138521083919.000000,13.185672,0.192664,0.812189,0.101152,0.003529,0.628076,100.000000
tiled_ikj_omp,512,0.000674,99.510320,77877468.000000,31672669.000000,0.406699,135528463.000000,1.740278,0.101869,0.226632,0.208121,0.234650,0.354533,100.000000
tiled_ikj_omp,1024,0.001272,211.052415,115614993.000000,106559243.000000,0.921673,541589519.000000,4.684423,0.142030,0.305149,0.128843,0.076389,0.178342,100.000000
tiled_ikj_omp,2048,0.005896,182.108973,377041033.000000,402235240.000000,1.066821,2165309455.000000,5.742901,0.160949,0.221290,0.119466,0.021806,0.136813,100.000000
tiled_ikj_omp,4096,0.030618,140.275068,1673973774.000000,1569367136.000000,0.937510,8659140623.000000,5.172805,0.169014,0.254092,0.113830,0.011335,0.264289,100.000000
tiled_ikj_omp,8192,0.092912,184.904780,5595532716.000000,6191947565.000000,1.106588,34632368143.000000,6.189289,0.181255,0.257988,0.111678,0.007992,0.470444,100.000000
tiled_ikj_omp,16384,0.383837,179.032792,21598803327.000000,24628956667.000000,1.140293,138521083919.000000,6.413368,0.185219,0.250829,0.142096,0.049932,0.780159,100.000000
